manga_number,timestamp,language,tags1016924,2025-07-05T16:37:38.889Z,,""
695131,2025-07-05T16:39:59.334Z,,""
695131,2025-07-05T17:25:10.328Z,Strike Witches,"Catgirl ♀, Full Color, Gloves ♀, Loli ♀, Onahole ♂, Sex Toys ♀, Sole Female ♀, Stockings ♀, Uncensored, Vaginal Sticker ♀, Wormhole ♀, X-Ray ♀"
695131,2025-07-05T17:25:20.150Z,Strike Witches,"Catgirl ♀, Full Color, Gloves ♀, Loli ♀, Onahole ♂, Sex Toys ♀, Sole Female ♀, Stockings ♀, Uncensored, Vaginal Sticker ♀, Wormhole ♀, X-Ray ♀"
1892232,2025-07-06T00:44:24.531Z,Original,"Bbm ♂, Big Breasts ♀, Daughter ♀, Dilf ♂, Facial Hair ♂, Incest, Inseki, Rape ♀, Sole Female ♀, Sole Male ♂"
1892232,2025-07-06T00:51:21.001Z,Original,"Bbm ♂, Big Breasts ♀, Daughter ♀, Dilf ♂, Facial Hair ♂, Incest, Inseki, Rape ♀, Sole Female ♀, Sole Male ♂"
1113048,2025-07-06T01:11:25.076Z,한국어,"Big Breasts ♀, Blowjob ♀, C92, Condom ♂, Defloration ♀, Exhibitionism ♀, Exhibitionism ♂, Hidden Sex ♀, Impregnation ♀, Incest, Inseki, Leg Lock ♀, Nakadashi ♀, Ponytail ♀, Schoolgirl Uniform ♀, Shota ♂, Sister ♀, Sole Female ♀, Sole Male ♂, Tanlines ♂, Unusual Pupils ♀, Virginity ♂, X-Ray ♀"
1113048,2025-07-06T04:38:14.550Z,한국어,"Big Breasts ♀, Blowjob ♀, C92, Condom ♂, Defloration ♀, Exhibitionism ♀, Exhibitionism ♂, Hidden Sex ♀, Impregnation ♀, Incest, Inseki, Leg Lock ♀, Nakadashi ♀, Ponytail ♀, Schoolgirl Uniform ♀, Shota ♂, Sister ♀, Sole Female ♀, Sole Male ♂, Tanlines ♂, Unusual Pupils ♀, Virginity ♂, X-Ray ♀"
1113048,2025-07-06T04:45:12.857Z,한국어,"Big Breasts ♀, Blowjob ♀, C92, Condom ♂, Defloration ♀, Exhibitionism ♀, Exhibitionism ♂, Hidden Sex ♀, Impregnation ♀, Incest, Inseki, Leg Lock ♀, Nakadashi ♀, Ponytail ♀, Schoolgirl Uniform ♀, Shota ♂, Sister ♀, Sole Female ♀, Sole Male ♂, Tanlines ♂, Unusual Pupils ♀, Virginity ♂, X-Ray ♀"
1113048,2025-07-06T04:45:21.905Z,한국어,"Big Breasts ♀, Blowjob ♀, C92, Condom ♂, Defloration ♀, Exhibitionism ♀, Exhibitionism ♂, Hidden Sex ♀, Impregnation ♀, Incest, Inseki, Leg Lock ♀, Nakadashi ♀, Ponytail ♀, Schoolgirl Uniform ♀, Shota ♂, Sister ♀, Sole Female ♀, Sole Male ♂, Tanlines ♂, Unusual Pupils ♀, Virginity ♂, X-Ray ♀"
1113048,2025-07-06T04:45:26.814Z,한국어,"Big Breasts ♀, Blowjob ♀, C92, Condom ♂, Defloration ♀, Exhibitionism ♀, Exhibitionism ♂, Hidden Sex ♀, Impregnation ♀, Incest, Inseki, Leg Lock ♀, Nakadashi ♀, Ponytail ♀, Schoolgirl Uniform ♀, Shota ♂, Sister ♀, Sole Female ♀, Sole Male ♂, Tanlines ♂, Unusual Pupils ♀, Virginity ♂, X-Ray ♀"
ㅇㅇ,2025-07-06T05:36:15.088Z,N/A,""
234234,2025-07-06T05:36:23.342Z,N/A,""
1,2025-07-06T05:36:37.199Z,N/A,""
